LABEL=has_keyword,SRC_LABEL=movie,DST_LABEL=keyword
id:INT32:SRC_ID,id:INT32:DST_ID
1,20
1,21
1,22
1,23
1,24
1,25
1,26
1,27
28,52
28,53
28,54
28,55
28,56
28,57
28,58
28,59
28,60
28,61
28,62
28,63
28,20
28,21
28,22
28,27
28,64
28,65
28,66
28,67
68,52
68,53
68,54
68,55
68,56
68,57
68,58
68,59
68,60
68,62
68,63
68,20
68,21
68,22
68,64
68,67
68,70
68,71
68,72
68,73
68,74
68,75
68,76
68,77
68,78
68,79
68,80
68,81
82,153
82,154
82,159
82,160
82,161
82,162
82,163
82,164
82,165
82,166
82,167
82,168
82,169
82,170
82,171
82,172
82,173
82,174
82,175
82,176
82,177
82,178
82,179
82,180
82,181
82,182
82,183
82,184
82,185
82,186
82,187
82,188
82,189
82,190
82,191
82,192
82,193
82,194
82,195
82,196
82,197
82,198
82,199
82,200
82,201
82,202
82,203
82,204
82,205
82,206
82,207
82,208
82,209
82,210
82,211
82,212
82,213
82,214
82,215
82,216
82,217
82,218
82,219
82,220
82,221
82,222
82,223
82,224
82,225
82,226
82,227
82,228
82,229
82,230
82,231
82,232
82,233
82,234
82,235
82,236
82,237
82,238
82,239
82,240
82,241
82,242
82,243
82,244
82,245
82,246
82,247
82,248
82,249
82,250
82,251
82,252
82,253
82,254
82,255
82,256
82,257
82,258
82,259
82,260
82,261
82,262
82,263
82,264
82,265
82,266
82,267
82,268
82,269
82,270
82,271
82,272
82,273
82,274
82,275
82,276
82,277
82,278
82,279
82,280
82,281
82,282
82,283
82,284
82,285
82,286
82,287
82,111
82,112
82,113
82,114
82,115
82,116
82,117
82,118
82,119
82,120
82,121
82,122
82,123
82,124
82,125
82,126
82,320
82,321
82,322
82,323
82,324
82,325
82,326
82,327
82,328
82,329
82,330
82,331
82,332
82,333
82,334
82,335
82,336
82,337
82,338
82,339
82,340
82,341
82,342
82,343
82,344
82,345
82,346
82,347
82,348
82,349
82,350
82,351
82,352
82,353
82,354
82,355
82,356
82,357
82,358
82,359
82,360
82,361
82,362
82,363
82,364
82,365
82,366
82,367
82,368
82,369
82,370
82,371
82,372
82,373
82,374
82,375
82,376
82,377
82,378
82,379
82,380
82,381
82,382
82,383
82,416
82,417
82,418
82,419
82,420
82,421
82,422
82,423
82,424
82,425
82,426
82,427
82,428
82,429
82,430
82,431
82,432
82,433
82,434
82,435
82,436
82,437
82,438
82,439
82,440
82,441
82,442
82,443
82,444
82,445
82,446
82,447
82,448
82,449
82,450
82,451
82,452
82,453
82,454
82,455
82,288
82,289
82,290
82,291
82,292
82,293
82,294
82,295
82,296
82,297
82,298
82,299
82,300
82,301
82,302
82,303
82,304
82,305
82,306
82,307
82,308
82,309
82,310
82,311
82,312
82,313
82,314
82,315
82,316
82,317
82,318
82,319
82,384
82,385
82,386
82,387
82,388
82,389
82,390
82,391
82,392
82,393
82,394
82,395
82,396
82,397
82,398
82,399
82,400
82,401
82,402
82,403
82,404
82,405
82,406
82,407
82,408
82,409
82,410
82,411
82,412
82,413
82,414
82,415
130,147
130,148
130,149
130,150
130,151
130,152
130,153
130,154
130,155
130,156
130,157
130,158
457,467
457,468
457,469
457,470
471,159
471,160
471,162
471,179
471,184
471,203
471,211
471,220
471,224
471,244
471,248
471,250
471,251
471,279
471,286
471,114
471,116
471,325
471,334
471,340
471,344
471,349
471,368
471,373
471,380
471,418
471,427
471,468
471,469
471,470
471,493
471,494
471,298
471,300
471,309
471,385
471,401
471,675
471,908
471,909
471,910
471,911
471,912
471,913
471,914
471,915
471,916
471,917
471,918
471,919
471,920
471,921
471,922
471,923
471,924
471,925
471,926
471,927
471,960
471,961
471,962
471,963
471,964
471,965
471,966
471,967
471,968
471,969
471,970
471,971
471,972
471,973
471,974
471,975
471,976
471,977
471,978
471,979
471,980
471,981
471,982
471,983
471,984
471,985
471,986
471,987
471,988
471,989
471,990
471,991
471,928
471,929
471,930
471,931
471,932
471,933
471,934
471,935
471,936
471,937
471,938
471,939
471,940
471,941
471,942
471,943
471,944
471,945
471,946
471,947
471,948
471,949
471,950
471,951
471,952
471,953
471,954
471,955
471,956
471,957
471,958
471,959
471,992
471,993
471,994
471,995
471,996
471,997
471,998
471,999
471,1000
471,1001
471,1002
471,1003
471,1004
471,1005
471,1006
471,1007
471,1008
471,1009
471,1010
471,1011
471,1012
471,1013
471,1014
471,1015
471,1016
471,1017
471,1018
471,1019
471,1020
471,1021
471,1022
471,1023
471,768
471,837
471,839
471,849
471,873
471,891
471,1056
471,1057
471,1058
471,1059
471,1060
471,1061
471,1062
471,1063
471,1064
471,1065
471,1066
471,1067
471,1068
471,1069
471,1070
471,1071
471,1024
471,1025
471,1026
471,1027
471,1028
471,1029
471,1030
471,1031
471,1032
471,1033
471,1034
471,1035
471,1036
471,1037
471,1038
471,1039
471,1040
471,1041
471,1042
471,1043
471,1044
471,1045
471,1046
471,1047
471,1048
471,1049
471,1050
471,1051
471,1052
471,1053
471,1054
471,1055
496,57
496,176
496,184
496,72
496,234
496,250
496,350
496,418
496,511
496,401
496,403
496,637
496,512
496,513
496,514
496,896
496,897
496,898
496,899
496,900
496,901
496,902
496,903
496,904
496,905
496,906
496,830
496,831
496,832
496,833
496,834
496,835
496,836
496,837
496,838
496,839
496,840
496,841
496,842
496,843
496,844
496,845
496,846
496,847
496,848
496,849
496,850
496,851
496,852
496,853
496,854
496,855
496,856
496,857
496,858
496,859
496,860
496,861
496,862
496,863
496,864
496,865
496,866
496,867
496,868
496,869
496,870
496,871
496,872
496,873
496,874
496,875
496,876
496,877
496,878
496,879
496,880
496,881
496,882
496,883
496,884
496,885
496,886
496,887
496,888
496,889
496,890
496,891
496,892
496,893
496,894
496,895
517,356
517,360
517,421
517,527
517,528
517,529
517,530
517,531
532,552
532,553
532,554
532,555
532,556
532,557
532,558
532,559
532,560
532,561
532,562
532,563
564,581
564,582
564,583
564,584
564,585
564,586
564,587
564,588
564,589
564,590
564,591
564,592
564,593
564,594
564,595
564,596
564,597
564,553
564,556
564,557
564,558
564,559
564,561
564,562
598,55
598,612
598,613
598,614
615,629
615,630
615,631
615,632
615,633
615,634
615,635
615,636
615,637
615,638
615,639
615,640
641,426
641,670
641,671
641,672
641,673
641,674
641,675
641,676
641,677
641,678
641,679
641,680
681,314
681,691
681,692
681,693
681,694
681,695
681,696
681,697
698,670
698,671
698,672
698,701
698,702
698,703
698,704
698,705
698,706
698,707
698,708
698,709
710,736
710,729
710,730
710,731
710,732
710,733
710,734
710,735
737,63
737,747
737,748
737,749
750,64
750,765
750,766
750,767
750,696
750,731
750,768
750,769
770,57
770,176
770,184
770,72
770,234
770,250
770,350
770,418
770,401
770,403
770,637
770,896
770,897
770,898
770,899
770,900
770,901
770,902
770,903
770,904
770,905
770,906
770,830
770,831
770,832
770,833
770,834
770,835
770,836
770,837
770,838
770,839
770,840
770,841
770,842
770,843
770,844
770,845
770,846
770,847
770,848
770,849
770,850
770,851
770,852
770,853
770,854
770,855
770,856
770,857
770,858
770,859
770,860
770,861
770,862
770,863
770,864
770,865
770,866
770,867
770,868
770,869
770,870
770,871
770,872
770,873
770,874
770,875
770,876
770,877
770,878
770,879
770,880
770,881
770,882
770,883
770,884
770,885
770,886
770,887
770,888
770,889
770,890
770,891
770,892
770,893
770,894
770,895
781,467
781,794
781,795
781,796
797,66
797,531
797,670
797,671
797,679
797,702
797,799
797,800
797,801
797,802
797,803
797,804
805,730
805,734
805,816
805,817
805,818
805,819
805,820
805,821
805,822
805,823
805,824
805,825
805,826
805,827
805,828
805,829
1096,168
1096,177
1096,917
1096,935
1096,1078
1096,1079
1096,1080
1096,1081
1096,1082
1096,1083
1096,1084
1096,1085
1096,1086
1096,1087
1096,1088
1096,1089
1096,1090
1096,1091
1096,1092
1096,1093
1097,560
1097,1109
1097,1110
1097,1111
1097,1112
1097,1113
1097,1114
1097,1115
1097,1116
1097,1117
1118,153
1118,159
1118,189
1118,203
1118,206
1118,220
1118,239
1118,248
1118,251
1118,286
1118,121
1118,324
1118,326
1118,330
1118,350
1118,375
1118,420
1118,304
1118,310
1118,582
1118,693
1118,908
1118,912
1118,919
1118,967
1118,972
1118,933
1118,994
1118,1009
1118,891
1118,1184
1118,1185
1118,1186
1118,1187
1118,1188
1118,1189
1118,1190
1118,1191
1118,1192
1118,1193
1118,1194
1118,1195
1118,1196
1118,1197
1118,1198
1118,1199
1118,1200
1118,1201
1118,1202
1118,1203
1118,1204
1118,1205
1118,1206
1118,1207
1118,1208
1118,1209
1118,1210
1118,1211
1118,1212
1118,1213
1118,1214
1118,1215
1118,1216
1118,1217
1118,1218
1118,1219
1118,1220
1118,1221
1118,1222
1118,1223
1118,1224
1118,1225
1118,1226
1118,1227
1118,1228
1118,1229
1118,1230
1118,1231
1118,1232
1118,1233
1118,1234
1118,1235
1118,1236
1118,1237
1118,1238
1118,1239
1118,1240
1118,1135
1118,1136
1118,1137
1118,1138
1118,1139
1118,1140
1118,1141
1118,1142
1118,1143
1118,1144
1118,1145
1118,1146
1118,1147
1118,1148
1118,1149
1118,1150
1118,1151
1118,1152
1118,1153
1118,1154
1118,1155
1118,1156
1118,1157
1118,1158
1118,1159
1118,1160
1118,1161
1118,1162
1118,1163
1118,1164
1118,1165
1118,1166
1118,1167
1118,1168
1118,1169
1118,1170
1118,1171
1118,1172
1118,1173
1118,1174
1118,1175
1118,1176
1118,1177
1118,1178
1118,1179
1118,1180
1118,1181
1118,1182
1118,1183
1241,24
1241,368
1241,678
1241,945
1241,1259
1241,1260
1241,1261
1241,1262
1241,1263
1241,1264
1241,1265
1241,1266
1241,1267
1241,1268
1241,1269
1241,1270
1241,1271
1241,1272
1241,1273
1241,1274
1241,1275
1241,1276
1241,1277
1241,1278
1241,1279
1241,1280
1241,1281
1241,1282
1241,1283
1241,1284
1241,1285
1241,1286
1241,1287
1241,1288
1241,1289
1241,1290
1241,1291
1241,1292
1293,24
1293,327
1293,368
1293,409
1293,912
1293,1011
1293,1017
1293,852
1293,1231
1293,1273
1293,1148
1293,1153
1293,1154
1293,1160
1293,1114
1293,1344
1293,1345
1293,1346
1293,1347
1293,1348
1293,1349
1293,1350
1293,1351
1293,1352
1293,1353
1293,1354
1293,1355
1293,1312
1293,1313
1293,1314
1293,1315
1293,1316
1293,1317
1293,1318
1293,1319
1293,1320
1293,1321
1293,1322
1293,1323
1293,1324
1293,1325
1293,1326
1293,1327
1293,1328
1293,1329
1293,1330
1293,1331
1293,1332
1293,1333
1293,1334
1293,1335
1293,1336
1293,1337
1293,1338
1293,1339
1293,1340
1293,1341
1293,1342
1293,1343
1293,1281
1293,1292
1293,1300
1293,1301
1293,1302
1293,1303
1293,1304
1293,1305
1293,1306
1293,1307
1293,1308
1293,1309
1293,1310
1293,1311
1356,24
1356,327
1356,368
1356,409
1356,912
1356,1011
1356,1017
1356,852
1356,1231
1356,1273
1356,1148
1356,1153
1356,1154
1356,1160
1356,1114
1356,1344
1356,1345
1356,1346
1356,1347
1356,1348
1356,1349
1356,1350
1356,1351
1356,1352
1356,1353
1356,1354
1356,1355
1356,1312
1356,1313
1356,1314
1356,1315
1356,1316
1356,1317
1356,1318
1356,1319
1356,1320
1356,1321
1356,1322
1356,1323
1356,1324
1356,1325
1356,1326
1356,1327
1356,1328
1356,1329
1356,1330
1356,1331
1356,1332
1356,1333
1356,1334
1356,1335
1356,1336
1356,1337
1356,1338
1356,1339
1356,1340
1356,1341
1356,1342
1356,1343
1356,1281
1356,1292
1356,1301
1356,1302
1356,1303
1356,1304
1356,1305
1356,1306
1356,1307
1356,1308
1356,1309
1356,1310
1356,1311
1366,163
1366,203
1366,23
1366,736
1366,557
1366,559
1366,971
1366,942
1366,1017
1366,1408
1366,1409
1366,1410
1366,1411
1366,1383
1366,1384
1366,1385
1366,1386
1366,1387
1366,1388
1366,1389
1366,1390
1366,1391
1366,1392
1366,1393
1366,1394
1366,1395
1366,1396
1366,1397
1366,1398
1366,1399
1366,1400
1366,1401
1366,1402
1366,1403
1366,1404
1366,1405
1366,1406
1366,1407
1366,1306
1412,159
1412,63
1412,160
1412,177
1412,189
1412,203
1412,204
1412,211
1412,217
1412,21
1412,224
1412,233
1412,251
1412,252
1412,255
1412,270
1412,286
1412,324
1412,340
1412,350
1412,356
1412,362
1412,438
1412,470
1412,299
1412,309
1412,316
1412,385
1412,613
1412,582
1412,556
1412,562
1412,906
1412,910
1412,967
1412,972
1412,986
1412,931
1412,933
1412,938
1412,942
1412,945
1412,1001
1412,1011
1412,1012
1412,1014
1412,1015
1412,1017
1412,799
1412,843
1412,870
1412,876
1412,1167
1412,1038
1412,1043
1412,1472
1412,1473
1412,1474
1412,1475
1412,1476
1412,1477
1412,1478
1412,1479
1412,1480
1412,1481
1412,1482
1412,1483
1412,1484
1412,1485
1412,1486
1412,1487
1412,1488
1412,1489
1412,1490
1412,1491
1412,1492
1412,1493
1412,1494
1412,1495
1412,1496
1412,1497
1412,1498
1412,1499
1412,1500
1412,1501
1412,1502
1412,1503
1412,1347
1412,1424
1412,1425
1412,1426
1412,1427
1412,1428
1412,1429
1412,1430
1412,1431
1412,1432
1412,1433
1412,1434
1412,1435
1412,1436
1412,1437
1412,1438
1412,1439
1412,1391
1412,1401
1412,1406
1412,1318
1412,1339
1412,1440
1412,1441
1412,1442
1412,1443
1412,1444
1412,1445
1412,1446
1412,1447
1412,1448
1412,1449
1412,1450
1412,1451
1412,1452
1412,1453
1412,1454
1412,1455
1412,1456
1412,1457
1412,1458
1412,1459
1412,1460
1412,1461
1412,1462
1412,1463
1412,1464
1412,1465
1412,1466
1412,1467
1412,1468
1412,1469
1412,1470
1412,1471
1412,1504
1412,1505
1412,1506
1412,1507
1412,1508
1412,1509
1412,1510
1412,1511
1412,1512
1412,1513
1412,1514
1412,1515
1412,1516
1412,1517
1412,1518
1412,1519
1412,1520
1412,1521
1412,1522
1412,1523
1412,1524
1412,1525
1412,1526
1412,1527
1412,1528
1412,1529
1412,1530
1412,1531
1412,1532
1412,1533
1412,1534
1412,1535
1412,1281
1412,1536
1412,1537
1412,1538
1412,1539
1412,1540
1412,1541
1412,1542
1412,1543
1412,1544
1412,1545
1412,1546
1412,1547
1412,1548
1412,1549
1550,159
1550,21
1550,260
1550,324
1550,308
1550,309
1550,830
1550,1202
1550,1231
1550,1475
1550,1323
1550,1451
1550,1281
1550,1568
1550,1569
1550,1570
1550,1571
1550,1572
1550,1573
1550,1574
1550,1575
1550,1576
1550,1577
1550,1578
1550,1579
1550,1580
1550,1581
1550,1582
1550,1583
1550,1584
1550,1585
1550,1586
1550,1587
1550,1588
1550,1589
1550,1590
1550,1591
1550,1592
1550,1593
1550,1594
1550,1595
1550,1561
1550,1562
1550,1563
1550,1564
1550,1565
1550,1566
1550,1567
1596,159
1596,203
1596,247
1596,265
1596,332
1596,344
1596,312
1596,631
1596,898
1596,985
1596,929
1596,942
1596,1015
1596,824
1596,841
1596,873
1596,876
1596,887
1596,888
1596,1226
1596,1141
1596,1176
1596,1404
1596,1449
1596,1309
1596,1582
1596,1595
1596,1664
1596,1665
1596,1666
1596,1667
1596,1668
1596,1669
1596,1670
1596,1671
1596,1672
1596,1673
1596,1674
1596,1675
1596,1676
1596,1677
1596,1678
1596,1679
1596,1680
1596,1681
1596,1682
1596,1683
1596,1684
1596,1685
1596,1686
1596,1687
1596,1688
1596,1689
1596,1690
1596,1691
1596,1692
1596,1607
1596,1608
1596,1609
1596,1610
1596,1611
1596,1612
1596,1613
1596,1614
1596,1615
1596,1616
1596,1617
1596,1618
1596,1619
1596,1620
1596,1621
1596,1622
1596,1623
1596,1624
1596,1625
1596,1626
1596,1627
1596,1628
1596,1629
1596,1630
1596,1631
1596,1632
1596,1633
1596,1634
1596,1635
1596,1636
1596,1637
1596,1638
1596,1639
1596,1640
1596,1641
1596,1642
1596,1643
1596,1644
1596,1645
1596,1646
1596,1647
1596,1648
1596,1649
1596,1650
1596,1651
1596,1652
1596,1653
1596,1654
1596,1655
1596,1656
1596,1657
1596,1658
1596,1659
1596,1660
1596,1661
1596,1662
1596,1663
1693,227
1693,332
1693,349
1693,973
1693,870
1693,887
1693,1226
1693,1707
1693,1708
1693,1709
1693,1710
1693,1711
1693,1712
1693,1713
1693,1714
1693,1715
1693,1716
1693,1717
1693,1718
1693,1719
1693,1720
1693,1721
1693,1722
1693,1723
1693,1724
1693,1725
1693,1726
1693,1727
1693,1728
1693,1729
1693,1730
1693,1731
1693,1732
1693,1733
1693,1734
1693,1735
1693,1736
1693,1737
1693,1738
1693,1739
1693,1740
1693,1741
1693,1742
1693,1743
1693,1744
1693,1745
1693,1746
1693,1747
1693,1748
1693,1749
1693,1750
1693,1751
1693,1570
1693,1669
1693,1674
1693,1662
1768,53
1768,160
1768,176
1768,177
1768,179
1768,190
1768,211
1768,221
1768,21
1768,24
1768,67
1768,72
1768,244
1768,251
1768,254
1768,255
1768,257
1768,280
1768,286
1768,338
1768,340
1768,350
1768,356
1768,373
1768,420
1768,452
1768,300
1768,736
1768,613
1768,562
1768,903
1768,912
1768,967
1768,972
1768,931
1768,933
1768,940
1768,945
1768,948
1768,1001
1768,1011
1768,1014
1768,1015
1768,1017
1768,799
1768,824
1768,833
1768,1061
1768,1067
1768,1195
1768,1213
1768,1226
1768,1231
1768,1235
1768,1153
1768,1089
1768,1032
1768,1479
1768,1481
1768,1482
1768,1487
1768,1488
1768,1489
1768,1493
1768,1496
1768,1497
1768,1500
1768,1502
1768,1391
1768,1401
1768,1312
1768,1313
1768,1324
1768,1343
1768,1442
1768,1443
1768,1444
1768,1450
1768,1451
1768,1453
1768,1456
1768,1458
1768,1508
1768,1509
1768,1530
1768,1281
1768,1283
1768,1308
1768,1769
1768,1770
1768,1771
1768,1772
1768,1773
1768,1774
1768,1775
1768,1776
1768,1777
1768,1778
1768,1779
1768,1780
1768,1781
1768,1782
1768,1783
1768,1784
1768,1785
1768,1786
1768,1787
1768,1788
1768,1789
1768,1790
1768,1791
1768,1549
1768,1792
1768,1793
1768,1794
1768,1795
1768,1796
1768,1797
1768,1798
1768,1799
1768,1800
1768,1801
1768,1802
1768,1803
1768,1804
1768,1805
1768,1806
1768,1807
1768,1808
1768,1809
1768,1810
1768,1811
1768,1812
1768,1813
1768,1814
1768,1815
1768,1816
1768,1817
1768,1818
1768,1819
1768,1820
1768,1821
1768,1822
1768,1823
1768,1824
1768,1825
1768,1826
1768,1827
1768,1828
1768,1829
1768,1830
1768,1831
1768,1832
1768,1833
1768,1834
1768,1835
1768,1836
1768,1837
1768,1838
1768,1839
1768,1840
1768,1841
1768,1842
1768,1843
1768,1844
1768,1845
1768,1846
1768,1847
1768,1848
1768,1849
1768,1850
1768,1851
1768,1852
1768,1853
1768,1854
1768,1855
1856,67
1856,256
1856,366
1856,531
1856,917
1856,981
1856,1017
1856,843
1856,1260
1856,1268
1856,1039
1856,1496
1856,1391
1856,1394
1856,1462
1856,1505
1856,1520
1856,1281
1856,1839
1856,1875
1856,1876
1856,1877
1856,1878
1856,1879
1856,1880
1856,1881
1856,1882
1856,1883
1856,1884
1856,1885
1856,1886
1856,1887
1856,1920
1856,1921
1856,1922
1856,1923
1856,1924
1856,1925
1856,1926
1856,1927
1856,1928
1856,1929
1856,1930
1856,1931
1856,1932
1856,1933
1856,1934
1856,1888
1856,1889
1856,1890
1856,1891
1856,1892
1856,1893
1856,1894
1856,1895
1856,1896
1856,1897
1856,1898
1856,1899
1856,1900
1856,1901
1856,1902
1856,1903
1856,1904
1856,1905
1856,1906
1856,1907
1856,1908
1856,1909
1856,1910
1856,1911
1856,1912
1856,1913
1856,1914
1856,1915
1856,1916
1856,1917
1856,1918
1856,1919
1935,176
1935,187
1935,374
1935,589
1935,705
1935,917
1935,804
1935,894
1935,1212
1935,1226
1935,1266
1935,1277
1935,1148
1935,1490
1935,1391
1935,1309
1935,1922
1935,1945
1935,1946
1935,1947
1935,1948
1935,1949
1935,1950
1935,1951
1935,1984
1935,1985
1935,1986
1935,1987
1935,1988
1935,1989
1935,1990
1935,1991
1935,1992
1935,1993
1935,1994
1935,1995
1935,1996
1935,1997
1935,1998
1935,1999
1935,2000
1935,2001
1935,2002
1935,2003
1935,2004
1935,2005
1935,2006
1935,2007
1935,1952
1935,1953
1935,1954
1935,1955
1935,1956
1935,1957
1935,1958
1935,1959
1935,1960
1935,1961
1935,1962
1935,1963
1935,1964
1935,1965
1935,1966
1935,1967
1935,1968
1935,1969
1935,1970
1935,1971
1935,1972
1935,1973
1935,1974
1935,1975
1935,1976
1935,1977
1935,1978
1935,1979
1935,1980
1935,1981
1935,1982
1935,1983
2008,203
2008,937
2008,1141
2008,1148
2008,1438
2008,1663
2008,2023
2008,2024
2008,2025
2008,2026
2008,2027
2008,2028
2008,2029
2008,2030
2008,2031
2008,2032
2008,2033
2008,2034
2008,2035
2008,2036
2008,2037
2008,2038
2008,2039
2008,2040
2008,2041
2008,2042
2008,2043
2008,2044
2008,2045
2008,2046
2008,2047
2008,1879
2008,1880
2008,2048
2008,2049
2008,2050
2008,2051
2008,2052
2008,2053
2008,2054
2055,154
2055,169
2055,176
2055,177
2055,189
2055,204
2055,211
2055,21
2055,66
2055,67
2055,71
2055,72
2055,231
2055,255
2055,256
2055,287
2055,122
2055,337
2055,340
2055,350
2055,356
2055,361
2055,420
2055,432
2055,309
2055,316
2055,385
2055,388
2055,736
2055,531
2055,557
2055,560
2055,563
2055,896
2055,903
2055,912
2055,919
2055,967
2055,972
2055,931
2055,933
2055,945
2055,947
2055,948
2055,954
2055,1001
2055,1014
2055,1017
2055,1018
2055,801
2055,839
2055,843
2055,891
2055,1066
2055,1087
2055,1226
2055,1236
2055,1272
2055,1277
2055,1153
2055,1154
2055,1174
2055,1181
2055,1111
2055,1112
2055,1114
2055,1043
2055,1053
2055,1488
2055,1489
2055,1491
2055,1493
2055,1495
2055,1496
2055,1502
2055,1347
2055,1431
2055,1391
2055,1401
2055,1324
2055,1338
2055,1339
2055,1440
2055,1443
2055,1445
2055,1448
2055,1450
2055,1453
2055,1454
2055,1458
2055,1462
2055,1467
2055,1469
2055,1470
2055,1505
2055,1507
2055,1518
2055,1528
2055,1776
2055,1781
2055,1785
2055,1544
2055,1547
2055,1548
2055,1646
2055,1663
2055,2026
2055,1806
2055,1807
2055,1811
2055,1828
2055,1830
2055,1833
2055,1834
2055,1875
2055,1881
2055,1882
2055,1885
2055,1927
2055,1903
2055,1907
2055,1916
2055,2080
2055,2081
2055,2082
2055,2083
2055,2084
2055,2085
2055,2086
2055,2087
2055,2088
2055,2089
2055,2090
2055,2091
2055,2092
2055,2093
2055,2094
2055,2095
2055,2096
2055,2097
2055,2098
2055,2099
2055,2100
2055,2101
2055,2102
2055,2103
2055,2104
2055,2105
2055,2106
2055,2107
2055,2108
2055,2109
2055,2110
2055,2111
2055,2144
2055,2145
2055,2146
2055,2147
2055,2148
2055,2149
2055,2150
2055,2151
2055,2152
2055,2153
2055,2154
2055,2155
2055,2156
2055,2157
2055,2158
2055,2159
2055,2160
2055,2161
2055,2162
2055,2163
2055,2164
2055,2165
2055,2166
2055,2167
2055,2168
2055,2169
2055,2170
2055,2171
2055,2172
2055,2173
2055,2174
2055,2175
2055,2176
2055,2177
2055,2178
2055,2179
2055,2180
2055,2181
2055,2182
2055,2183
2055,2184
2055,2185
2055,2186
2055,2187
2055,2188
2055,2189
2055,2190
2055,2191
2055,2192
2055,2193
2055,2194
2055,2195
2055,2196
2055,2197
2055,2198
2055,2199
2055,2200
2055,2201
2055,2202
2055,2203
2055,2204
2055,2205
2055,2206
2055,2207
2055,2208
2055,2209
2055,2210
2055,2211
2055,2212
2055,2213
2055,2214
2055,2215
2055,2216
2055,2217
2055,2218
2055,2219
2055,2220
2055,2221
2055,2222
2055,2223
2055,2224
2055,2225
2055,2226
2055,2227
2055,2228
2055,2229
2055,2230
2055,2231
2055,2077
2055,2078
2055,2079
2055,2112
2055,2113
2055,2114
2055,2115
2055,2116
2055,2117
2055,2118
2055,2119
2055,2120
2055,2121
2055,2122
2055,2123
2055,2124
2055,2125
2055,2126
2055,2127
2055,2128
2055,2129
2055,2130
2055,2131
2055,2132
2055,2133
2055,2134
2055,2135
2055,2136
2055,2137
2055,2138
2055,2139
2055,2140
2055,2141
2055,2142
2055,2143
2232,160
2232,182
2232,188
2232,190
2232,204
2232,217
2232,66
2232,67
2232,72
2232,231
2232,237
2232,251
2232,255
2232,256
2232,261
2232,286
2232,340
2232,346
2232,349
2232,350
2232,356
2232,373
2232,380
2232,420
2232,438
2232,452
2232,300
2232,308
2232,316
2232,393
2232,406
2232,414
2232,527
2232,582
2232,595
2232,676
2232,678
2232,912
2232,919
2232,967
2232,976
2232,981
2232,933
2232,942
2232,945
2232,948
2232,957
2232,1000
2232,1001
2232,1002
2232,1011
2232,1012
2232,1014
2232,801
2232,843
2232,871
2232,872
2232,1213
2232,1226
2232,1231
2232,1264
2232,1268
2232,1148
2232,1114
2232,1488
2232,1491
2232,1496
2232,1497
2232,1502
2232,1438
2232,1391
2232,1313
2232,1335
2232,1443
2232,1454
2232,1455
2232,1458
2232,1462
2232,1467
2232,1507
2232,1283
2232,1775
2232,1781
2232,1727
2232,2033
2232,1803
2232,1805
2232,1806
2232,1819
2232,1820
2232,1828
2232,1834
2232,1839
2232,1875
2232,1882
2232,1927
2232,1928
2232,1931
2232,1907
2232,2097
2232,2100
2232,2101
2232,2153
2232,2170
2232,2181
2232,2192
2232,2200
2232,2205
2232,2213
2232,2222
2232,2229
2232,2247
2232,2248
2232,2249
2232,2250
2232,2251
2232,2252
2232,2253
2232,2254
2232,2255
2232,2256
2232,2257
2232,2258
2232,2259
2232,2260
2232,2261
2232,2262
2232,2263
2232,2264
2232,2265
2232,2266
2232,2267
2232,2268
2232,2269
2232,2270
2232,2271
2232,2131
2232,2136
2232,2272
2232,2273
2232,2274
2232,2275
2232,2276
2232,2277
2232,2278
2232,2279
2232,2280
2232,2281
2232,2282
2232,2283
2232,2284
2232,2285
2232,2286
2232,2287
2232,2288
2232,2289
2232,2290
2232,2291
2232,2292
2232,2293
2232,2294
2232,2295
2232,2296
2232,2297
2232,2298
2232,2299
2232,2300
2232,2301
2232,2302
2232,2303
2232,2368
2232,2369
2232,2370
2232,2371
2232,2372
2232,2373
2232,2374
2232,2375
2232,2376
2232,2377
2232,2378
2232,2379
2232,2380
2232,2381
2232,2382
2232,2383
2232,2384
2232,2385
2232,2386
2232,2387
2232,2388
2232,2389
2232,2390
2232,2391
2232,2392
2232,2393
2232,2394
2232,2395
2232,2396
2232,2397
2232,2304
2232,2305
2232,2306
2232,2307
2232,2308
2232,2309
2232,2310
2232,2311
2232,2312
2232,2313
2232,2314
2232,2315
2232,2316
2232,2317
2232,2318
2232,2319
2232,2320
2232,2321
2232,2322
2232,2323
2232,2324
2232,2325
2232,2326
2232,2327
2232,2328
2232,2329
2232,2330
2232,2331
2232,2332
2232,2333
2232,2334
2232,2335
2232,2336
2232,2337
2232,2338
2232,2339
2232,2340
2232,2341
2232,2342
2232,2343
2232,2344
2232,2345
2232,2346
2232,2347
2232,2348
2232,2349
2232,2350
2232,2351
2232,2352
2232,2353
2232,2354
2232,2355
2232,2356
2232,2357
2232,2358
2232,2359
2232,2360
2232,2361
2232,2362
2232,2363
2232,2364
2232,2365
2232,2366
2232,2367
2398,1167
2398,1391
2398,1899
2398,2413
2398,2414
2398,2415
2398,2416
2398,2417
2398,2418
2398,2419
2398,2420
2398,2421
2422,58
2422,160
2422,176
2422,67
2422,245
2422,256
2422,266
2422,271
2422,122
2422,494
2422,585
2422,705
2422,896
2422,917
2422,1001
2422,1017
2422,799
2422,841
2422,1064
2422,1196
2422,1232
2422,1238
2422,1261
2422,1266
2422,1148
2422,1441
2422,1449
2422,1467
2422,1281
2422,1289
2422,1839
2422,1882
2422,1923
2422,1931
2422,1898
2422,1907
2422,2153
2422,2170
2422,2264
2422,2464
2422,2465
2422,2466
2422,2467
2422,2468
2422,2469
2422,2470
2422,2471
2422,2472
2422,2473
2422,2474
2422,2475
2422,2476
2422,2477
2422,2478
2422,2479
2422,2480
2422,2481
2422,2482
2422,2483
2422,2484
2422,2485
2422,2486
2422,2487
2422,2488
2422,2489
2422,2490
2422,2491
2422,2492
2422,2493
2422,2494
2422,2495
2422,2496
2422,2497
2422,2445
2422,2446
2422,2447
2422,2448
2422,2449
2422,2450
2422,2451
2422,2452
2422,2453
2422,2454
2422,2455
2422,2456
2422,2457
2422,2458
2422,2459
2422,2460
2422,2461
2422,2462
2422,2463
2498,55
2498,63
2498,160
2498,175
2498,203
2498,23
2498,72
2498,241
2498,250
2498,251
2498,122
2498,321
2498,324
2498,327
2498,332
2498,358
2498,421
2498,426
2498,300
2498,385
2498,531
2498,585
2498,562
2498,675
2498,678
2498,706
2498,903
2498,906
2498,919
2498,927
2498,966
2498,973
2498,976
2498,936
2498,1005
2498,1006
2498,1011
2498,1017
2498,804
2498,841
2498,843
2498,849
2498,867
2498,886
2498,1057
2498,1226
2498,1235
2498,1260
2498,1264
2498,1268
2498,1148
2498,1157
2498,1167
2498,1025
2498,1039
2498,1041
2498,1047
2498,1496
2498,1502
2498,1391
2498,1467
2498,1281
2498,1781
2498,1719
2498,1574
2498,2033
2498,1825
2498,1828
2498,1834
2498,1839
2498,1844
2498,1875
2498,1877
2498,1882
2498,1885
2498,1921
2498,1927
2498,1994
2498,1893
2498,1894
2498,1900
2498,1906
2498,2083
2498,2087
2498,2101
2498,2111
2498,2195
2498,2200
2498,2077
2498,2260
2498,2261
2498,2262
2498,2263
2498,2264
2498,2127
2498,2282
2498,2297
2498,2298
2498,2465
2498,2480
2498,2484
2498,2488
2498,2381
2498,2383
2498,2384
2498,2419
2498,2511
2498,2512
2498,2513
2498,2514
2498,2515
2498,2516
2498,2517
2498,2518
2498,2519
2498,2520
2498,2521
2498,2522
2498,2523
2498,2524
2498,2525
2498,2526
2498,2527
2498,2445
2498,2350
2498,2355
2498,2528
2498,2529
2498,2530
2498,2531
2498,2532
2498,2533
2498,2534
2498,2535
2498,2536
2498,2537
2498,2538
2498,2539
2498,2540
2498,2541
2498,2542
2498,2543
2498,2544
2498,2545
2498,2546
2498,2547
2498,2548
2498,2549
2498,2550
2498,2551
2498,2552
2498,2553
2498,2554
2498,2555
2498,2556
2498,2557
2498,2558
2498,2559
2498,2624
2498,2625
2498,2626
2498,2627
2498,2628
2498,2629
2498,2630
2498,2631
2498,2632
2498,2633
2498,2634
2498,2635
2498,2636
2498,2637
2498,2638
2498,2639
2498,2640
2498,2641
2498,2642
2498,2643
2498,2644
2498,2645
2498,2646
2498,2647
2498,2648
2498,2649
2498,2650
2498,2651
2498,2652
2498,2653
2498,2560
2498,2561
2498,2562
2498,2563
2498,2564
2498,2565
2498,2566
2498,2567
2498,2568
2498,2569
2498,2570
2498,2571
2498,2572
2498,2573
2498,2574
2498,2575
2498,2576
2498,2577
2498,2578
2498,2579
2498,2580
2498,2581
2498,2582
2498,2583
2498,2584
2498,2585
2498,2586
2498,2587
2498,2588
2498,2589
2498,2590
2498,2591
2498,2592
2498,2593
2498,2594
2498,2595
2498,2596
2498,2597
2498,2598
2498,2599
2498,2600
2498,2601
2498,2602
2498,2603
2498,2604
2498,2605
2498,2606
2498,2607
2498,2608
2498,2609
2498,2610
2498,2611
2498,2612
2498,2613
2498,2614
2498,2615
2498,2616
2498,2617
2498,2618
2498,2619
2498,2620
2498,2621
2498,2622
2498,2623
2654,57
2654,160
2654,189
2654,203
2654,251
2654,252
2654,255
2654,256
2654,274
2654,122
2654,324
2654,327
2654,340
2654,348
2654,349
2654,350
2654,356
2654,372
2654,438
2654,442
2654,291
2654,298
2654,316
2654,385
2654,406
2654,531
2654,592
2654,560
2654,679
2654,706
2654,917
2654,967
2654,973
2654,976
2654,981
2654,985
2654,945
2654,952
2654,954
2654,999
2654,1000
2654,1001
2654,1002
2654,1011
2654,1017
2654,804
2654,843
2654,849
2654,852
2654,891
2654,894
2654,1226
2654,1228
2654,1235
2654,1263
2654,1264
2654,1268
2654,1148
2654,1167
2654,1174
2654,1043
2654,1048
2654,1481
2654,1486
2654,1491
2654,1493
2654,1496
2654,1497
2654,1502
2654,1391
2654,1443
2654,1458
2654,1504
2654,1533
2654,1291
2654,1775
2654,1789
2654,1709
2654,1710
2654,1727
2654,1544
2654,2033
2654,1805
2654,1828
2654,1834
2654,1839
2654,1850
2654,1855
2654,1927
2654,1931
2654,1894
2654,1919
2654,1970
2654,1973
2654,2083
2654,2101
2654,2168
2654,2200
2654,2204
2654,2247
2654,2249
2654,2255
2654,2262
2654,2112
2654,2119
2654,2123
2654,2282
2654,2284
2654,2299
2654,2467
2654,2391
2654,2511
2654,2512
2654,2345
2654,2350
2654,2353
2654,2355
2654,2359
2654,2528
2654,2537
2654,2557
2654,2665
2654,2666
2654,2667
2654,2668
2654,2669
2654,2670
2654,2671
2654,2672
2654,2673
2654,2674
2654,2675
2654,2676
2654,2677
2654,2678
2654,2679
2654,2680
2654,2681
2654,2682
2654,2683
2654,2684
2654,2685
2654,2686
2654,2687
2654,2720
2654,2721
2654,2722
2654,2723
2654,2724
2654,2725
2654,2726
2654,2727
2654,2728
2654,2729
2654,2730
2654,2731
2654,2732
2654,2733
2654,2734
2654,2735
2654,2736
2654,2737
2654,2738
2654,2739
2654,2740
2654,2741
2654,2742
2654,2743
2654,2744
2654,2745
2654,2746
2654,2747
2654,2748
2654,2749
2654,2750
2654,2751
2654,2631
2654,2633
2654,2634
2654,2653
2654,2752
2654,2753
2654,2754
2654,2755
2654,2756
2654,2757
2654,2758
2654,2759
2654,2760
2654,2761
2654,2762
2654,2763
2654,2764
2654,2765
2654,2766
2654,2567
2654,2574
2654,2575
2654,2579
2654,2586
2654,2589
2654,2593
2654,2600
2654,2617
2654,2688
2654,2689
2654,2690
2654,2691
2654,2692
2654,2693
2654,2694
2654,2695
2654,2696
2654,2697
2654,2698
2654,2699
2654,2700
2654,2701
2654,2702
2654,2703
2654,2704
2654,2705
2654,2706
2654,2707
2654,2708
2654,2709
2654,2710
2654,2711
2654,2712
2654,2713
2654,2714
2654,2715
2654,2716
2654,2717
2654,2718
2654,2719
2767,154
2767,160
2767,163
2767,177
2767,184
2767,203
2767,211
2767,227
2767,241
2767,244
2767,245
2767,248
2767,250
2767,251
2767,261
2767,270
2767,274
2767,280
2767,286
2767,120
2767,121
2767,126
2767,324
2767,325
2767,327
2767,349
2767,350
2767,427
2767,438
2767,453
2767,293
2767,299
2767,316
2767,385
2767,584
2767,585
2767,910
2767,917
2767,931
2767,938
2767,945
2767,949
2767,995
2767,1002
2767,1005
2767,1008
2767,1011
2767,1018
2767,804
2767,839
2767,861
2767,871
2767,886
2767,1067
2767,1235
2767,1236
2767,1148
2767,1167
2767,1181
2767,1027
2767,1029
2767,1038
2767,1477
2767,1346
2767,1349
2767,1443
2767,1447
2767,1462
2767,1282
2767,1574
2767,1671
2767,1537
2767,1662
2767,1807
2767,1815
2767,1849
2767,1850
2767,1855
2767,2114
2767,2119
2767,2380
2767,2390
2767,2496
2767,2462
2767,2665
2767,2737
2767,2633
2767,2765
2767,2766
2767,2781
2767,2782
2767,2783
2767,2579
2767,2692
2767,2696
2767,2784
2767,2785
2767,2786
2767,2787
2767,2788
2767,2789
2767,2790
2767,2791
2767,2792
2767,2793
2767,2794
2767,2795
2767,2796
2767,2797
2767,2798
2767,2799
2767,2800
2767,2801
2767,2802
2767,2803
2767,2804
2767,2805
2767,2806
2767,2807
2767,2808
2767,2809
2767,2810
2767,2811
2767,2812
2767,2813
2767,2814
2767,2815
2767,2816
2767,2817
2767,2818
2767,2819
2767,2820
2767,2821
2767,2822
2767,2823
2767,2824
2767,2825
2767,2826
2767,2827
2767,2828
2767,2829
2767,2830
2767,2831
2767,2832
2767,2833
2767,2834
2767,2835
2767,2836
2767,2837
2767,2838
2767,2839
2767,2840
2767,2841
2767,2842
2767,2843
2767,2844
2767,2845
2767,2846
2767,2847
2767,2880
2767,2881
2767,2882
2767,2883
2767,2884
2767,2848
2767,2849
2767,2850
2767,2851
2767,2852
2767,2853
2767,2854
2767,2855
2767,2856
2767,2857
2767,2858
2767,2859
2767,2860
2767,2861
2767,2862
2767,2863
2767,2864
2767,2865
2767,2866
2767,2867
2767,2868
2767,2869
2767,2870
2767,2871
2767,2872
2767,2873
2767,2874
2767,2875
2767,2876
2767,2877
2767,2878
2767,2879
2885,152
2885,159
2885,59
2885,63
2885,203
2885,234
2885,256
2885,267
2885,324
2885,327
2885,334
2885,348
2885,350
2885,357
2885,592
2885,971
2885,942
2885,954
2885,999
2885,1017
2885,1023
2885,830
2885,832
2885,841
2885,856
2885,1085
2885,1235
2885,1263
2885,1268
2885,1148
2885,1165
2885,1167
2885,1114
2885,1028
2885,1497
2885,1388
2885,1391
2885,1401
2885,1318
2885,1340
2885,1443
2885,1281
2885,1282
2885,1283
2885,1770
2885,1592
2885,1673
2885,1562
2885,2028
2885,1818
2885,1879
2885,1988
2885,2007
2885,2215
2885,2051
2885,2465
2885,2527
2885,2462
2885,2332
2885,2361
2885,2363
2885,2530
2885,2542
2885,2569
2885,2583
2885,2586
2885,2817
2885,2898
2885,2899
2885,2900
2885,2901
2885,2902
2885,2903
2885,2904
2885,2905
2885,2906
2885,2907
2885,2908
2885,2909
2885,2910
2885,2911
2885,2864
2885,2912
2885,2913
2885,2914
2885,2915
2885,2916
2885,2917
2885,2918
2885,2919
2885,2920
2885,2921
2885,2922
2885,2923
2885,2924
2885,2925
2885,2926
2885,2927
2885,2928
2885,2929
2885,2930
2885,2931
2885,2932
2885,2933
2885,2934
2885,2935
2885,2936
2885,2937
2885,2938
2885,2939
2885,2940
2885,2941
2885,2942
2885,2943
2885,2944
2885,2945
2885,2946
2885,2947
2885,2948
2885,2949
2885,2950
2885,2951
2885,2952
2885,2953
2885,2954
2885,2955
2885,2956
2885,2957
2885,2958
2885,2959
2885,2960
2885,2961
2885,2962
2885,2963
2885,2964
2885,2965
2885,2966
2885,2967
2885,2968
2885,2969
2885,2970
2885,2971
2885,2972
2885,2973
2885,2974
2885,2975
2885,2976
2885,2977
2885,2978
2885,2979
2885,2980
2885,2981
2885,2982
2885,2983
2885,2984
2885,2985
2885,2986
2885,2987
2885,2988
2885,2989
2885,2990
2885,2991
2885,2992
2885,2993
2885,2994
2885,2995
2885,2996
2885,2997
2885,2998
2885,2999
2885,3000
2885,3001
2885,3002
2885,3003
2885,3004
2885,3005
2885,3006
2885,3007
2885,3008
2885,3009
2885,3010
2885,3011
2885,3012
2885,3013
2885,3014
2885,3015
2885,3016
2885,3017
2885,3018
2885,3019
2885,3020
2885,3021
2885,3022
2885,3023
2885,3024
2885,3025
2885,3026
2885,3027
2885,3028
2885,3029
2885,3030
2885,3031
2885,3032
2885,3033
2885,3034
2885,3035
2885,3036
2885,3037
2885,3038
2885,3039
2885,3040
2885,3041
2885,3042
2885,3043
2885,3044
2885,3045
2885,3046
2885,3047
2885,3048
2885,3049
2885,3050
2885,3051
2885,3052
2885,3053
2885,3054
2885,3055
2885,3056
2885,3057
2885,3058
2885,3059
2885,3060
2885,3061
2885,3062
2885,3063
2885,3064
2885,3065
2885,3066
2885,3067
2885,3068
2885,3069
2885,3070
2885,3071
2885,3104
2885,3105
2885,3072
2885,3073
2885,3074
2885,3075
2885,3076
2885,3077
2885,3078
2885,3079
2885,3080
2885,3081
2885,3082
2885,3083
2885,3084
2885,3085
2885,3086
2885,3087
2885,3088
2885,3089
2885,3090
2885,3091
2885,3092
2885,3093
2885,3094
2885,3095
2885,3096
2885,3097
2885,3098
2885,3099
2885,3100
2885,3101
2885,3102
2885,3103
3106,159
3106,160
3106,161
3106,189
3106,203
3106,204
3106,212
3106,217
3106,220
3106,79
3106,231
3106,245
3106,250
3106,251
3106,255
3106,266
3106,269
3106,273
3106,274
3106,279
3106,286
3106,324
3106,327
3106,328
3106,331
3106,332
3106,340
3106,346
3106,349
3106,358
3106,373
3106,417
3106,418
3106,420
3106,426
3106,432
3106,438
3106,446
3106,291
3106,299
3106,300
3106,308
3106,406
3106,414
3106,592
3106,917
3106,919
3106,925
3106,926
3106,966
3106,967
3106,983
3106,984
3106,987
3106,933
3106,935
3106,936
3106,937
3106,938
3106,942
3106,1012
3106,1013
3106,872
3106,1067
3106,1081
3106,1189
3106,1204
3106,1226
3106,1228
3106,1236
3106,1240
3106,1263
3106,1167
3106,1047
3106,1477
3106,1434
3106,1525
3106,1281
3106,1284
3106,1727
3106,1730
3106,1738
3106,1671
3106,1537
3106,1646
3106,2255
3106,2287
3106,2487
3106,2379
3106,2381
3106,2680
3106,2722
3106,2642
3106,2567
3106,2797
3106,2818
3106,2837
3106,2840
3106,3232
3106,3233
3106,3234
3106,3235
3106,3236
3106,3237
3106,3238
3106,3239
3106,3240
3106,3241
3106,3242
3106,3243
3106,3244
3106,3245
3106,3246
3106,3247
3106,3248
3106,3249
3106,3250
3106,3251
3106,3114
3106,3115
3106,3116
3106,3117
3106,3118
3106,3119
3106,3120
3106,3121
3106,3122
3106,3123
3106,3124
3106,3125
3106,3126
3106,3127
3106,3128
3106,3129
3106,3130
3106,3131
3106,3132
3106,3133
3106,3134
3106,3135
3106,3168
3106,3169
3106,3170
3106,3171
3106,3172
3106,3173
3106,3174
3106,3175
3106,3176
3106,3177
3106,3178
3106,3179
3106,3180
3106,3181
3106,3182
3106,3183
3106,3184
3106,3185
3106,3186
3106,3187
3106,3188
3106,3189
3106,3190
3106,3191
3106,3192
3106,3193
3106,3194
3106,3195
3106,3196
3106,3197
3106,3198
3106,3199
3106,3200
3106,3201
3106,3202
3106,3203
3106,3204
3106,3205
3106,3206
3106,3207
3106,3208
3106,3209
3106,3210
3106,3211
3106,3212
3106,3213
3106,3214
3106,3215
3106,3216
3106,3217
3106,3218
3106,3219
3106,3220
3106,3221
3106,3222
3106,3223
3106,3224
3106,3225
3106,3226
3106,3227
3106,3228
3106,3229
3106,3230
3106,3231
3106,3136
3106,3137
3106,3138
3106,3139
3106,3140
3106,3141
3106,3142
3106,3143
3106,3144
3106,3145
3106,3146
3106,3147
3106,3148
3106,3149
3106,3150
3106,3151
3106,3152
3106,3153
3106,3154
3106,3155
3106,3156
3106,3157
3106,3158
3106,3159
3106,3160
3106,3161
3106,3162
3106,3163
3106,3164
3106,3165
3106,3166
3106,3167
3252,160
3252,176
3252,177
3252,184
3252,194
3252,251
3252,256
3252,323
3252,327
3252,350
3252,363
3252,373
3252,426
3252,494
3252,299
3252,300
3252,309
3252,385
3252,904
3252,905
3252,976
3252,942
3252,1012
3252,841
3252,870
3252,873
3252,1060
3252,1184
3252,1135
3252,1165
3252,1091
3252,1035
3252,1499
3252,1435
3252,1439
3252,1398
3252,1313
3252,1441
3252,1458
3252,1462
3252,1466
3252,1283
3252,1723
3252,1727
3252,1595
3252,1673
3252,1541
3252,1547
3252,1632
3252,1663
3252,1841
3252,1927
3252,1898
3252,2109
3252,2225
3252,2119
3252,2127
3252,2278
3252,2487
3252,2396
3252,2496
3252,2322
3252,2632
3252,2648
3252,2602
3252,2617
3252,2694
3252,2718
3252,2788
3252,2795
3252,2821
3252,2883
3252,3271
3252,3272
3252,3273
3252,3274
3252,3275
3252,3276
3252,3277
3252,3278
3252,3279
3252,3280
3252,3281
3252,3282
3252,3283
3252,3284
3252,3285
3252,3286
3252,3287
3252,3288
3252,3289
3252,3290
3252,3291
3252,3292
3252,3293
3252,3294
3252,3295
3252,3296
3252,3297
3252,3298
3252,3299
3252,3300
3252,3301
3252,3302
3252,3303
3252,3304
3252,3305
3252,3306
3252,3307
3252,3308
3252,3309
3252,3310
3252,3311
3252,3312
3252,3313
3252,3314
3252,3315
3252,3316
3252,3317
3252,3318
3252,3319
3252,3320
3252,3321
3252,3322
3252,3323
3252,3324
3252,3325
3252,3326
3252,3327
3252,3232
3252,3129
3252,3078
3252,3161
3252,3328
3252,3329
3252,3330
3252,3331
3252,3332
3252,3333
3252,3334
3252,3335
3252,3336
3252,3337
3252,3338
3252,3339
3252,3340
3252,3341
3252,3342
3252,3343
3252,3344
3252,3345
3252,3346
3252,3347
3252,3348
3252,3349
3252,3350
3252,3351
3252,3352
3252,3353
3252,3354
3252,3355
3252,3356
3252,3357
3252,3358
3252,3359
3252,3360
3252,3361
3252,3362
3252,3363
3252,3364
3252,3365
3252,3366
3252,3367
3252,3368
3252,3369
3252,3370
3252,3371
3252,3372
3252,3373
3252,3374
3252,3375
3252,3376
3252,3377
3252,3378
3252,3379
3252,3380
3252,3381
3252,3382
3252,3383
3252,3384
3252,3385
3252,3386
3252,3387
3252,3388
3252,3389
3390,152
3390,203
3390,324
3390,358
3390,308
3390,393
3390,917
3390,937
3390,954
3390,1010
3390,1011
3390,1017
3390,1260
3390,1167
3390,1044
3390,1350
3390,1669
3390,1686
3390,1692
3390,2028
3390,1850
3390,2511
3390,2341
3390,2364
3390,2667
3390,2720
3390,2840
3390,2872
3390,2955
3390,3456
3390,3457
3390,3458
3390,3400
3390,3401
3390,3402
3390,3403
3390,3404
3390,3405
3390,3406
3390,3407
3390,3408
3390,3409
3390,3410
3390,3411
3390,3412
3390,3413
3390,3414
3390,3415
3390,3416
3390,3417
3390,3418
3390,3419
3390,3420
3390,3421
3390,3422
3390,3423
3390,3424
3390,3425
3390,3426
3390,3427
3390,3428
3390,3429
3390,3430
3390,3431
3390,3432
3390,3433
3390,3434
3390,3435
3390,3436
3390,3437
3390,3438
3390,3439
3390,3440
3390,3441
3390,3442
3390,3443
3390,3444
3390,3445
3390,3446
3390,3447
3390,3448
3390,3449
3390,3450
3390,3451
3390,3452
3390,3453
3390,3454
3390,3455
3459,147
3459,149
3459,151
3459,152
3459,159
3459,160
3459,184
3459,203
3459,220
3459,66
3459,245
3459,251
3459,255
3459,324
3459,334
3459,349
3459,350
3459,358
3459,373
3459,435
3459,438
3459,452
3459,454
3459,494
3459,305
3459,897
3459,905
3459,909
3459,919
3459,970
3459,985
3459,933
3459,937
3459,940
3459,954
3459,1002
3459,1009
3459,1011
3459,1017
3459,799
3459,849
3459,852
3459,860
3459,876
3459,1057
3459,1067
3459,1148
3459,1154
3459,1167
3459,1039
3459,1047
3459,1502
3459,1350
3459,1341
3459,1443
3459,1283
3459,1791
3459,1574
3459,1582
3459,1643
3459,2030
3459,1975
3459,2093
3459,2107
3459,2197
3459,2127
3459,2287
3459,2296
3459,2467
3459,2476
3459,2418
3459,2452
3459,2315
3459,2332
3459,2357
3459,2361
3459,2727
3459,2741
3459,2743
3459,2748
3459,2764
3459,2585
3459,2834
3459,2840
3459,2899
3459,2873
3459,2914
3459,2936
3459,2944
3459,2945
3459,3000
3459,3025
3459,3028
3459,3033
3459,3053
3459,3244
3459,3115
3459,3175
3459,3095
3459,3153
3459,3160
3459,3520
3459,3521
3459,3522
3459,3523
3459,3524
3459,3525
3459,3526
3459,3527
3459,3528
3459,3529
3459,3530
3459,3531
3459,3532
3459,3533
3459,3534
3459,3535
3459,3536
3459,3537
3459,3538
3459,3539
3459,3540
3459,3541
3459,3542
3459,3543
3459,3544
3459,3545
3459,3546
3459,3547
3459,3548
3459,3549
3459,3550
3459,3551
3459,3465
3459,3466
3459,3467
3459,3468
3459,3469
3459,3470
3459,3471
3459,3472
3459,3473
3459,3474
3459,3475
3459,3476
3459,3477
3459,3478
3459,3479
3459,3480
3459,3481
3459,3482
3459,3483
3459,3484
3459,3485
3459,3486
3459,3487
3459,3488
3459,3489
3459,3490
3459,3491
3459,3492
3459,3493
3459,3494
3459,3495
3459,3496
3459,3497
3459,3498
3459,3499
3459,3500
3459,3501
3459,3502
3459,3503
3459,3504
3459,3505
3459,3506
3459,3507
3459,3508
3459,3509
3459,3510
3459,3511
3459,3512
3459,3513
3459,3514
3459,3515
3459,3516
3459,3517
3459,3518
3459,3519
3459,3552
3459,3553
3459,3554
3459,3555
3459,3556
3459,3557
3459,3558
3459,3559
3459,3560
3459,3561
3459,3562
3459,3563
3459,3564
3459,3565
3459,3566
3459,3567
3459,3568
3459,3569
3459,3570
3459,3571
3459,3572
3459,3573
3459,3574
3459,3575
3459,3576
3459,3577
3459,3578
3459,3579
3459,3580
3459,3581
3459,3582
3459,3583
3459,3584
3459,3585
3459,3586
3459,3587
3459,3588
3459,3589
3459,3590
3459,3591
3459,3592
3459,3593
3459,3594
3459,3595
3459,3596
3459,3597
3459,3598
3459,3599
3459,3600
3459,3601
3459,3602
3459,3603
3459,3604
3459,3605
3459,3606
3459,3607
3459,3608
3459,3609
3459,3610
3459,3611
3459,3612
3459,3613
3459,3614
3459,3615
3459,3616
3459,3617
3459,3618
3459,3619
3459,3620
3459,3621
3459,3622
3459,3623
3624,153
3624,324
3624,326
3624,370
3624,467
3624,469
3624,995
3624,1017
3624,886
3624,1192
3624,1320
3624,1524
3624,1769
3624,1575
3624,1671
3624,1638
3624,1850
3624,1898
3624,2527
3624,2716
3624,2883
3624,3430
3624,3453
3624,3556
3624,3648
3624,3649
3624,3650
3624,3651
3624,3652
3624,3653
3624,3654
3624,3655
3624,3656
3624,3657
3624,3658
3624,3659
3624,3660
3624,3661
3624,3662
3624,3663
3624,3664
3624,3665
3624,3666
3624,3667
3624,3668
3624,3669
3624,3670
3624,3671
3624,3672
3624,3673
3624,3674
3624,3675
3624,3676
3624,3677
3624,3678
3624,3679
3624,3632
3624,3633
3624,3634
3624,3635
3624,3636
3624,3637
3624,3638
3624,3639
3624,3640
3624,3641
3624,3642
3624,3643
3624,3644
3624,3645
3624,3646
3624,3647
3680,152
3680,55
3680,160
3680,162
3680,175
3680,176
3680,177
3680,189
3680,220
3680,231
3680,248
3680,250
3680,251
3680,255
3680,279
3680,286
3680,116
3680,323
3680,340
3680,349
3680,380
3680,419
3680,426
3680,427
3680,452
3680,454
3680,470
3680,298
3680,300
3680,304
3680,309
3680,316
3680,385
3680,414
3680,903
3680,908
3680,912
3680,925
3680,967
3680,985
3680,930
3680,932
3680,935
3680,937
3680,938
3680,939
3680,942
3680,959
3680,1011
3680,1014
3680,873
3680,887
3680,891
3680,1204
3680,1235
3680,1166
3680,1030
3680,1038
3680,1052
3680,1472
3680,1497
3680,1502
3680,1429
3680,1435
3680,1443
3680,1454
3680,1465
3680,1518
3680,1781
3680,1612
3680,1646
3680,1931
3680,2185
3680,2201
3680,2127
3680,2128
3680,2133
3680,2450
3680,2326
3680,2355
3680,2786
3680,2898
3680,3294
3680,3311
3680,3131
3680,3203
3680,3208
3680,3225
3680,3161
3680,3543
3680,3487
3680,3513
3680,3431
3680,3691
3680,3692
3680,3693
3680,3694
3680,3695
3680,3696
3680,3697
3680,3698
3680,3699
3680,3700
3680,3701
3680,3702
3680,3703
3680,3704
3680,3705
3680,3706
3680,3707
3680,3708
3680,3709
3680,3710
3680,3711
3680,3744
3680,3745
3680,3746
3680,3747
3680,3748
3680,3749
3680,3750
3680,3751
3680,3752
3680,3612
3680,3712
3680,3713
3680,3714
3680,3715
3680,3716
3680,3717
3680,3718
3680,3719
3680,3720
3680,3721
3680,3722
3680,3723
3680,3724
3680,3725
3680,3726
3680,3727
3680,3728
3680,3729
3680,3730
3680,3731
3680,3732
3680,3733
3680,3734
3680,3735
3680,3736
3680,3737
3680,3738
3680,3739
3680,3740
3680,3741
3680,3742
3680,3743
3753,159
3753,160
3753,203
3753,220
3753,251
3753,255
3753,280
3753,286
3753,126
3753,324
3753,327
3753,334
3753,349
3753,366
3753,438
3753,444
3753,450
3753,452
3753,467
3753,469
3753,300
3753,631
3753,632
3753,530
3753,904
3753,910
3753,935
3753,942
3753,958
3753,1002
3753,1008
3753,1010
3753,1011
3753,830
3753,839
3753,841
3753,873
3753,887
3753,894
3753,1228
3753,1235
3753,1238
3753,1263
3753,1141
3753,1154
3753,1159
3753,1167
3753,1181
3753,1044
3753,1435
3753,1439
3753,1471
3753,1281
3753,1292
3753,1770
3753,1729
3753,1592
3753,1664
3753,1686
3753,1537
3753,1562
3753,1612
3753,1615
3753,1625
3753,1646
3753,1661
3753,1663
3753,1826
3753,1921
3753,1895
3753,2209
3753,2252
3753,2263
3753,2269
3753,2296
3753,2497
3753,2452
3753,2462
3753,2361
3753,2528
3753,2737
3753,2625
3753,2631
3753,2583
3753,2586
3753,2623
3753,2695
3753,2696
3753,2794
3753,2795
3753,2817
3753,2840
3753,2899
3753,2909
3753,2879
3753,2914
3753,2917
3753,2918
3753,2935
3753,2936
3753,2946
3753,2961
3753,2963
3753,2982
3753,2999
3753,3010
3753,3018
3753,3025
3753,3028
3753,3050
3753,3295
3753,3232
3753,3115
3753,3120
3753,3175
3753,3180
3753,3192
3753,3095
3753,3147
3753,3149
3753,3156
3753,3159
3753,3536
3753,3546
3753,3376
3753,3456
3753,3400
3753,3416
3753,3437
3753,3569
3753,3700
3753,3708
3753,3762
3753,3763
3753,3764
3753,3765
3753,3766
3753,3767
3753,3768
3753,3769
3753,3770
3753,3771
3753,3772
3753,3773
3753,3774
3753,3775
3753,3603
3753,3776
3753,3777
3753,3778
3753,3779
3753,3780
3753,3781
3753,3782
3753,3783
3753,3784
3753,3785
3753,3786
3753,3787
3753,3788
3753,3789
3753,3790
3753,3791
3753,3792
3753,3793
3753,3794
3753,3795
3753,3796
3753,3797
3753,3798
3753,3799
3753,3800
3753,3801
3753,3802
3753,3803
3753,3804
3753,3805
3753,3806
3753,3807
3753,3808
3753,3809
3753,3810
3753,3811
3753,3812
3753,3813
3753,3814
3753,3815
3753,3816
3753,3817
3753,3818
3753,3819
3753,3820
3753,3821
3753,3822
3753,3823
3753,3824
3753,3825
3753,3826
3753,3827
3753,3828
3753,3829
3753,3830
3753,3831
3753,3832
3753,3833
3753,3834
3753,3835
3753,3836
3753,3837
3753,3838
3753,3839
3753,3714
3753,3840
3753,3841
3753,3842
3753,3843
3753,3844
3753,3845
3753,3846
3753,3847
3753,3848
3753,3849
3753,3850
3753,3851
3753,3852
3753,3853
3753,3854
3753,3855
3753,3856
3753,3857
3753,3858
3753,3859
3753,3860
3753,3861
3753,3862
3753,3863
3753,3864
3753,3865
3753,3866
3753,3867
3753,3868
3753,3869
3753,3870
3753,3871
3753,3872
3753,3873
3753,3874
3753,3875
3753,3876
3753,3877
3753,3878
3753,3879
3753,3880
3753,3881
3753,3882
3753,3883
3753,3884
3753,3885
3753,3886
3753,3887
3753,3888
3753,3889
3753,3890
3753,3891
3753,3892
3753,3893
3753,3894
3753,3895
3753,3896
3753,3897
3753,3898
3753,3899
3753,3900
3753,3901
3753,3902
3753,3903
3753,3904
3753,3905
3753,3906
3753,3907
3753,3908
3753,3909
3753,3910
3753,3911
3753,3912
3753,3913
3753,3914
3915,159
3915,220
3915,77
3915,236
3915,239
3915,336
3915,337
3915,357
3915,374
3915,375
3915,303
3915,309
3915,310
3915,697
3915,966
3915,935
3915,936
3915,937
3915,1006
3915,1015
3915,768
3915,860
3915,1087
3915,1238
3915,1157
3915,1168
3915,1025
3915,1028
3915,1474
3915,1471
3915,1290
3915,1292
3915,1592
3915,1655
3915,1663
3915,1822
3915,2198
3915,2379
3915,2317
3915,2643
3915,2568
3915,2813
3915,2899
3915,2872
3915,2917
3915,2930
3915,3273
3915,3191
3915,3153
3915,3544
3915,3663
3915,3725
3915,3881
3915,3918
3915,3919
3915,3920
3915,3921
3915,3922
3915,3923
3915,3924
3915,3925
3915,3926
3915,3927
3915,3928
3915,3929
3915,3930
3915,3931
3915,3932
3915,3933
3915,3934
3915,3935
3915,3936
3915,3937
3915,3938
3915,3939
3915,3940
3915,3941
3915,3942
3915,3943
3915,3944
3915,3945
3915,3946
3915,3947
3915,3948
3915,3949
3915,3950
3915,3951
3915,3952
3915,3953
3915,3954
3915,3955
3915,3956
3915,3957
3915,3958
3915,3959
3915,3960
3915,3961
3915,3962
3915,3963
3915,3964
3915,3965
3915,3966
3915,3967
3915,3968
3915,3969
3915,3970
3915,3971
3915,3972
3915,3973
3915,3974
3915,3975
3915,3976
3915,3977
3915,3978
3915,3979
3915,3980
3915,3981
3915,3982
3915,3983
3915,3984
3915,3985
3915,3986
3915,3987
3915,3988
3915,3989
3915,3990
3915,3991
3915,3992
3915,3993
3915,3994
3915,3995
3915,3996
